{"cameraMode":{"drawMode":0,"name":"Shaded","section":"Shading Mode"},"sceneLighting":false,"audioPlay":false,"sceneViewState":{"showFog":true,"showMaterialUpdate":false,"showSkybox":false,"showFlares":true,"showImageEffects":true,"showParticleSystems":true},"in2DMode":false,"pivot":{"x":63.099998474121097,"y":1.8214964866638184,"z":55.607940673828128},"rotation":{"x":0.2300538867712021,"y":-0.761832594871521,"z":0.35987699031829836,"w":0.4870140850543976},"size":58.14604187011719,"orthographic":false}