{"cameraMode":{"drawMode":0,"name":"Shaded","section":"Shading Mode"},"sceneLighting":false,"audioPlay":false,"sceneViewState":{"showFog":true,"showMaterialUpdate":false,"showSkybox":false,"showFlares":true,"showImageEffects":true,"showParticleSystems":true},"in2DMode":false,"pivot":{"x":11.770000457763672,"y":1.7599999904632569,"z":5.320000171661377},"rotation":{"x":0.29283004999160769,"y":-0.027250317856669427,"z":0.008349473588168621,"w":0.955741286277771},"size":4.520777702331543,"orthographic":false}